{
    "algorithm": "conjugate_priors",
    "runtime": 76.53274154663086,
    "N_MCMC": 20000,
    "n_shuffle": 2,
    "burn_in": 500,
    "thinning": 1,
    "healthy_ratio": 0.18333333333333332,
    "max_log_likelihood": -5478.214822941117,
    "kendalls_tau": null,
    "p_value": null,
    "mean_absolute_error": null,
    "current_pi": [
        0.32233882650266454,
        0.021694009196582126,
        0.02795956523685896,
        0.0029944590446459923,
        0.07917765810789074,
        0.02085168974325599,
        0.02147971106384286,
        0.017034000724354386,
        0.010635291615201032,
        0.005207408358890126,
        0.015739173351764557,
        0.054437131184971656,
        0.030292124859204562,
        0.0338231986275597,
        0.002139961570046365,
        0.001142175477299346,
        0.22139723509368406,
        0.11165638024128291
    ],
    "updated_pi": [
        0.15640438167415308,
        0.26330064340114284,
        0.03391395507834982,
        0.027871217778573727,
        0.0038481727266087514,
        0.06109180039478459,
        0.022947251688022884,
        0.01522573493213113,
        0.012498860571293827,
        0.008666951423963972,
        0.006180341865061962,
        0.013192435018122067,
        0.030900180811407205,
        0.026694464569206596,
        0.018817713053455986,
        0.008021484959608551,
        0.007707350067972961,
        0.17417453180245251,
        0.10854252818368747
    ],
    "true_order": null,
    "order_with_highest_ll": {
        "ABETA": 3,
        "ADAS13": 10,
        "CDRSB": 1,
        "EntorhinalNorm": 13,
        "FAQ": 2,
        "FDG": 12,
        "FusiformNorm": 16,
        "HippocampusNorm": 9,
        "LDELTOTAL": 6,
        "MMSE": 7,
        "MOCA": 11,
        "MidTempNorm": 14,
        "PTAU": 5,
        "RAVLT_immediate": 8,
        "TAU": 4,
        "TRABSCOR": 18,
        "VentricleNorm": 15,
        "WholeBrainNorm": 17
    },
    "true_stages": null,
    "ml_stages": [
        18,
        17,
        17,
        1,
        1,
        17,
        1,
        5,
        5,
        1,
        1,
        1,
        1,
        8,
        1,
        11,
        17,
        7,
        1,
        1,
        1,
        17,
        1,
        1,
        5,
        14,
        2,
        1,
        17,
        5,
        1,
        17,
        3,
        1,
        1,
        17,
        1,
        1,
        1,
        5,
        1,
        1,
        17,
        1,
        17,
        1,
        1,
        1,
        1,
        17,
        1,
        1,
        2,
        5,
        18,
        1,
        1,
        5,
        1,
        18,
        12,
        18,
        17,
        17,
        17,
        18,
        18,
        17,
        17,
        6,
        17,
        13,
        12,
        18,
        5,
        18,
        7,
        17,
        18,
        17,
        17,
        18,
        18,
        1,
        17,
        18,
        18,
        6,
        5,
        17,
        17,
        18,
        12,
        17,
        12,
        14,
        7,
        12,
        1,
        1,
        18,
        18,
        17,
        17,
        9,
        0,
        13,
        1,
        17,
        18,
        17,
        5,
        17,
        17,
        17,
        17,
        1,
        17,
        5,
        1,
        13,
        17,
        18,
        1,
        17,
        12,
        12,
        5,
        12,
        0,
        7,
        1,
        18,
        1,
        0,
        0,
        1,
        1,
        5,
        12,
        1,
        18,
        1,
        6,
        18,
        1,
        18,
        1,
        1,
        14,
        18,
        1,
        12,
        1,
        0,
        17,
        11,
        1,
        17,
        0,
        17,
        18,
        18,
        17,
        13,
        12,
        1,
        14,
        18,
        18,
        17,
        17,
        12,
        3,
        1,
        1,
        18,
        8,
        18,
        5,
        18,
        18,
        18,
        0,
        0,
        6,
        5,
        1,
        6,
        3,
        1,
        1,
        7,
        5,
        0,
        1,
        0,
        17,
        18,
        2,
        18,
        0,
        1,
        17,
        0,
        13,
        0,
        3,
        1,
        1,
        18,
        1,
        17,
        0,
        17,
        1,
        18,
        17,
        18,
        5,
        1,
        1,
        17,
        17,
        1,
        2,
        5,
        1,
        17,
        0,
        17,
        17,
        1,
        17,
        1,
        18,
        1,
        6,
        2,
        12,
        17,
        18,
        17,
        13,
        0,
        5,
        1,
        17,
        17,
        1,
        0,
        2,
        0,
        1,
        17,
        17,
        0,
        5,
        2,
        1,
        5,
        3,
        1,
        17,
        0,
        17,
        0,
        17,
        5,
        1,
        1,
        5,
        6,
        1,
        17,
        5,
        3,
        1,
        17,
        0,
        0,
        1,
        1,
        12,
        1,
        1,
        0,
        5,
        0,
        1,
        0,
        17,
        0,
        17,
        1,
        6,
        0,
        1,
        18,
        1,
        0,
        17,
        5,
        1,
        0,
        0,
        1,
        1,
        1,
        17,
        0,
        1,
        1,
        1,
        17,
        17,
        2,
        0,
        0,
        0,
        6,
        1,
        17,
        0,
        1,
        1,
        0,
        0,
        1,
        0,
        12,
        0,
        1,
        18,
        1,
        18,
        1,
        17,
        1,
        17,
        1,
        1,
        17,
        0,
        0,
        1,
        1,
        17,
        0,
        17,
        1,
        17,
        0,
        2,
        3,
        0,
        17,
        17,
        17,
        1,
        2,
        1,
        0,
        0,
        2,
        0,
        0,
        17,
        1,
        1,
        18,
        12,
        17,
        1,
        0,
        1,
        17,
        0,
        11,
        0,
        3,
        0,
        5,
        1,
        18,
        17,
        3,
        0,
        0,
        0,
        6,
        0,
        2,
        0,
        17,
        0,
        0,
        18,
        0,
        0,
        0,
        0,
        0,
        17,
        1,
        3,
        1,
        1,
        1,
        0,
        18,
        18,
        12,
        8,
        17,
        0,
        1,
        18,
        0,
        1
    ],
    "stage_likelihood_posterior": {},
    "final_theta_phi_params": {
        "ABETA": {
            "theta_mean": 702.9349428771992,
            "theta_std": 236.9149328464751,
            "phi_mean": 1064.6685547805196,
            "phi_std": 351.26594740035455
        },
        "ADAS13": {
            "theta_mean": 25.214868912868024,
            "theta_std": 7.94640856949285,
            "phi_mean": 10.903758710880503,
            "phi_std": 4.727420063487774
        },
        "CDRSB": {
            "theta_mean": 2.122448979591837,
            "theta_std": 1.6562076379815054,
            "phi_mean": 0.038961038961038974,
            "phi_std": 0.15638434517912053
        },
        "EntorhinalNorm": {
            "theta_mean": 0.0020059639911388393,
            "theta_std": 0.001,
            "phi_mean": 0.002527190182269242,
            "phi_std": 0.001
        },
        "FAQ": {
            "theta_mean": 7.274863737721411,
            "theta_std": 6.568825564943785,
            "phi_mean": 0.4481363801847093,
            "phi_std": 0.8184133152656928
        },
        "FDG": {
            "theta_mean": 1.0715523313297755,
            "theta_std": 0.11542828603047042,