{
    "algorithm": "mle",
    "runtime": 110.16272568702698,
    "N_MCMC": 20000,
    "n_shuffle": 2,
    "burn_in": 500,
    "thinning": 1,
    "healthy_ratio": 0.18333333333333332,
    "max_log_likelihood": -5187.282565323532,
    "kendalls_tau": null,
    "p_value": null,
    "mean_absolute_error": null,
    "current_pi": [
        0.3051148063999688,
        0.0026056211064874333,
        0.014957592194587312,
        0.07103075741955976,
        0.04537296759832908,
        0.00592970933585385,
        0.03692687175482259,
        0.0008027290060220228,
        0.003106431475870714,
        0.017102809188300663,
        0.0427929637517378,
        0.034878250852169494,
        0.0039029390106803804,
        0.010919487170048568,
        0.005008552192080387,
        0.009540346421619848,
        0.00039531664157585705,
        0.3896118484802855
    ],
    "updated_pi": [
        0.15134499909684507,
        0.25875115234813906,
        0.004247808488879801,
        0.03328341020833139,
        0.0497981563840354,
        0.05551956735365512,
        0.010164080384052612,
        0.02099357165640217,
        0.008321122339963521,
        0.0050327306500429336,
        0.006916374801157279,
        0.02490357785195111,
        0.023358437724021058,
        0.005654426486911164,
        0.014416133327675978,
        0.013857780268351902,
        0.009957984589050227,
        0.00943425758972222,
        0.2940444284508119
    ],
    "true_order": null,
    "order_with_highest_ll": {
        "ABETA": 4,
        "ADAS13": 10,
        "CDRSB": 1,
        "EntorhinalNorm": 13,
        "FAQ": 5,
        "FDG": 9,
        "FusiformNorm": 16,
        "HippocampusNorm": 14,
        "LDELTOTAL": 8,
        "MMSE": 6,
        "MOCA": 11,
        "MidTempNorm": 18,
        "PTAU": 3,
        "RAVLT_immediate": 7,
        "TAU": 2,
        "TRABSCOR": 12,
        "VentricleNorm": 15,
        "WholeBrainNorm": 17
    },
    "true_stages": null,
    "ml_stages": [
        18,
        18,
        18,
        1,
        1,
        18,
        1,
        7,
        5,
        1,
        1,
        1,
        1,
        7,
        3,
        11,
        18,
        6,
        1,
        1,
        4,
        18,
        1,
        1,
        4,
        11,
        5,
        4,
        18,
        4,
        1,
        18,
        18,
        1,
        1,
        18,
        1,
        1,
        1,
        3,
        1,
        1,
        12,
        1,
        18,
        1,
        1,
        4,
        1,
        18,
        1,
        1,
        1,
        4,
        18,
        1,
        1,
        5,
        1,
        18,
        14,
        18,
        18,
        18,
        18,
        18,
        18,
        18,
        18,
        4,
        18,
        15,
        11,
        18,
        4,
        18,
        12,
        18,
        18,
        18,
        18,
        18,
        18,
        1,
        18,
        18,
        18,
        4,
        5,
        18,
        18,
        18,
        11,
        18,
        11,
        18,
        7,
        11,
        1,
        1,
        12,
        18,
        18,
        18,
        18,
        0,
        10,
        1,
        18,
        18,
        18,
        3,
        18,
        18,
        18,
        18,
        1,
        18,
        4,
        1,
        18,
        18,
        18,
        1,
        18,
        12,
        14,
        4,
        11,
        0,
        12,
        1,
        18,
        1,
        0,
        0,
        1,
        1,
        5,
        11,
        1,
        18,
        1,
        5,
        18,
        1,
        18,
        1,
        1,
        18,
        18,
        1,
        12,
        1,
        0,
        18,
        18,
        1,
        18,
        0,
        18,
        18,
        18,
        18,
        11,
        11,
        1,
        12,
        18,
        18,
        18,
        18,
        15,
        5,
        1,
        1,
        18,
        7,
        18,
        12,
        18,
        18,
        18,
        0,
        0,
        4,
        5,
        1,
        4,
        5,
        1,
        1,
        8,
        5,
        0,
        1,
        0,
        18,
        18,
        5,
        18,
        0,
        4,
        18,
        0,
        16,
        0,
        7,
        1,
        1,
        18,
        1,
        18,
        0,
        18,
        1,
        18,
        18,
        18,
        7,
        1,
        1,
        18,
        18,
        1,
        5,
        5,
        1,
        18,
        0,
        18,
        18,
        1,
        18,
        1,
        16,
        1,
        4,
        1,
        11,
        18,
        18,
        18,
        14,
        0,
        3,
        1,
        18,
        18,
        4,
        0,
        1,
        0,
        1,
        18,
        18,
        0,
        4,
        5,
        1,
        4,
        5,
        1,
        18,
        0,
        18,
        0,
        18,
        5,
        1,
        1,
        5,
        5,
        1,
        18,
        4,
        1,
        1,
        18,
        0,
        0,
        1,
        1,
        18,
        1,
        1,
        0,
        3,
        0,
        1,
        0,
        18,
        0,
        18,
        1,
        4,
        0,
        1,
        12,
        1,
        0,
        18,
        4,
        1,
        0,
        0,
        1,
        1,
        1,
        18,
        0,
        1,
        1,
        1,
        18,
        18,
        18,
        0,
        0,
        0,
        5,
        1,
        18,
        0,
        1,
        1,
        0,
        0,
        1,
        0,
        15,
        0,
        1,
        18,
        1,
        18,
        1,
        18,
        1,
        18,
        1,
        1,
        18,
        4,
        0,
        1,
        1,
        1,
        0,
        18,
        1,
        18,
        0,
        1,
        5,
        0,
        18,
        18,
        18,
        1,
        18,
        1,
        0,
        0,
        7,
        0,
        0,
        18,
        1,
        1,
        18,
        11,
        18,
        1,
        0,
        1,
        18,
        0,
        8,
        0,
        5,
        0,
        5,
        1,
        18,
        18,
        5,
        0,
        0,
        0,
        4,
        0,
        5,
        0,
        18,
        0,
        0,
        18,
        0,
        3,
        0,
        0,
        0,
        18,
        1,
        5,
        1,
        1,
        1,
        0,
        18,
        18,
        12,
        7,
        18,
        0,
        1,
        18,
        0,
        1
    ],
    "stage_likelihood_posterior": {},
    "final_theta_phi_params": {
        "ABETA": {
            "theta_mean": 711.1632743362835,
            "theta_std": 242.5481788124394,
            "phi_mean": 1067.9706185567015,
            "phi_std": 354.64404092608436
        },
        "ADAS13": {
            "theta_mean": 25.048192771084338,
            "theta_std": 8.000611513685515,
            "phi_mean": 10.846456692913385,
            "phi_std": 4.729443478538903
        },
        "CDRSB": {
            "theta_mean": 2.122448979591837,
            "theta_std": 1.6586272267631614,
            "phi_mean": 0.03896103896103896,
            "phi_std": 0.15740982728286723
        },
        "EntorhinalNorm": {
            "theta_mean": 0.0019481754753850656,
            "theta_std": 0.00038288955606194196,
            "phi_mean": 0.002556978096266759,
            "phi_std": 0.0003833242119274866
        },
        "FAQ": {
            "theta_mean": 8.138613861386139,
            "theta_std": 6.569232828847525,
            "phi_mean": 0.536697247706422,
            "phi_std": 0.916330142994397
        },
        "FDG": {
            "theta_mean": 1.078173245508982,